{
    "MlibObjs": {},
    "cycles_program_begin": 2810655769576896,
    "perf": [
        [
            0.045584917068481445,
            0.029648999999999998,
            0.024537,
            205944,
            206592,
            1615074883.0902879,
            2810655871439410,
            "doParsingAndDesignResolution",
            "entry"
        ],
        [
            0.057810068130493164,
            0.032272000000000002,
            0.026945,
            206544,
            207192,
            1615074883.1025131,
            2810655914274712,
            "doParsingAndDesignResolution",
            "exit"
        ],
        [
            0.070684909820556641,
            0.033782,
            0.027448,
            206676,
            207192,
            1615074883.1153879,
            2810655959666872,
            "doPostDesignResolutionToVir2Vcs",
            "entry"
        ],
        [
            0.096225976943969727,
            0.034358,
            0.03644,
            207812,
            207816,
            1615074883.140929,
            2810656049136718,
            "doUptoVir2VcsNoSepCleanup",
            "entry"
        ],
        [
            0.25592994689941406,
            0.048915,
            0.057611000000000002,
            208872,
            221248,
            1615074883.300633,
            2810656608794560,
            "doUptoVir2VcsNoSepCleanup",
            "exit"
        ],
        [
            0.25614500045776367,
            0.049014000000000002,
            0.057728000000000002,
            208872,
            221248,
            1615074883.300848,
            2810656609439470,
            "doRadify_vir2vcsAll",
            "entry"
        ],
        [
            0.27873706817626953,
            0.055773999999999997,
            0.059055000000000003,
            208872,
            221248,
            1615074883.3234401,
            2810656688685680,
            "doRadify_vir2vcsAll",
            "exit"
        ],
        [
            0.27886700630187988,
            0.055837999999999999,
            0.059123000000000002,
            208872,
            221248,
            1615074883.32357,
            2810656689046448,
            "doPostDesignResolutionToVir2Vcs",
            "exit"
        ],
        [
            0.27897405624389648,
            0.055890000000000002,
            0.059177,
            208872,
            221248,
            1615074883.3236771,
            2810656689397478,
            "doGAToPass2",
            "entry"
        ],
        [
            0.39455199241638184,
            0.058895000000000003,
            0.064558000000000004,
            207316,
            221248,
            1615074883.439255,
            2810657094594274,
            "DoPass2",
            "entry"
        ],
        [
            0.55790591239929199,
            0.092246999999999996,
            0.086756,
            213152,
            221248,
            1615074883.6026089,
            2810657666898770,
            "DoPass2",
            "exit"
        ]
    ],
    "Misc": {
        "default_output_dir": "csrc",
        "daidir_abs": "/home/users9/jp581081/526LSP21/LAB5/simv.daidir",
        "vcs_version": "N-2017.12-SP2-2_Full64",
        "daidir": "simv.daidir",
        "vcs_build_date": "Build Date = Aug 15 2018 23:36:09",
        "VCS_HOME": "/opt/synopsys/vcs-mx/N-2017.12-SP2-2",
        "master_pid": 30992,
        "csrc": "csrc",
        "csrc_abs": "/home/users9/jp581081/526LSP21/LAB5/csrc",
        "cwd": "/home/users9/jp581081/526LSP21/LAB5",
        "archive_dir": "archive.22"
    },
    "CompileProcesses": [
        "cgproc.30992.json"
    ],
    "cpu_cycles_pass2_start": 2810657094655318,
    "LVLData": [
        "SIM"
    ],
    "NameTable": {
        "tb_TOP_Counter": [
            "tb_TOP_Counter",
            "zP5nj",
            "module",
            1
        ],
        "...MASTER...": [
            "SIM",
            "amcQw",
            "module",
            2
        ]
    },
    "PEModules": [],
    "PrevCompiledModules": {
        "...MASTER...": {
            "amcQw_d": {
                "bytes": 7502,
                "checksum": 0,
                "mod": "...MASTER...",
                "mode": 4,
                "out": "objs/amcQw_d.o"
            }
        },
        "tb_TOP_Counter": {
            "zP5nj_d": {
                "bytes": 23514,
                "checksum": 0,
                "mod": "tb_TOP_Counter",
                "out": "zP5nj_d.o",
                "mode": 4,
                "archive": "archive.22/_30992_archive_1.a"
            }
        }
    },
    "CurCompileUdps": {},
    "CompileStrategy": "fullobj",
    "incremental": "on",
    "stat": {
        "ru_self_cgstart": {
            "ru_nvcsw": 203,
            "ru_minflt": 22303,
            "ru_utime_sec": 0.059121,
            "ru_nivcsw": 44,
            "ru_majflt": 0,
            "ru_stime_sec": 0.064558000000000004,
            "ru_maxrss_kb": 67556
        },
        "outputSizePerQuad": 212.54266211604096,
        "cpu_cycles_cgstart": 2810657094954940,
        "ru_childs_cgstart": {
            "ru_nvcsw": 17,
            "ru_minflt": 6321,
            "ru_utime_sec": 0.031276999999999999,
            "ru_nivcsw": 6,
            "ru_majflt": 0,
            "ru_stime_sec": 0.034039,
            "ru_maxrss_kb": 21764
        },
        "CodeGen(%)": 30.74117773248954,
        "nMops": 1135,
        "ru_childs_end": {
            "ru_nvcsw": 22,
            "ru_minflt": 6914,
            "ru_utime_sec": 0.032318,
            "ru_nivcsw": 8,
            "ru_majflt": 0,
            "ru_stime_sec": 0.041328999999999998,
            "ru_maxrss_kb": 22136
        },
        "ru_self_end": {
            "ru_nvcsw": 289,
            "ru_minflt": 24966,
            "ru_utime_sec": 0.098204,
            "ru_nivcsw": 53,
            "ru_majflt": 0,
            "ru_stime_sec": 0.090480000000000005,
            "ru_maxrss_kb": 74664
        },
        "nQuads": 586,
        "Frontend(%)": 69.258822267510467,
        "peak_mem_kb": 221248,
        "totalObjSize": 124550,
        "mop/quad": 1.9368600682593857,
        "cpu_cycles_end": 2810657834895966,
        "cpu_cycles_total": 2065319070,
        "quadSpeed": 14604.725351410629,
        "mopSpeed": 28287.309341042772,
        "realTime": 0.60610699653625488
    },
    "SIMBData": {
        "out": "amcQwB.o",
        "bytes": 101036,
        "text": 0,
        "archive": "archive.22/_30992_archive_1.a"
    },
    "CurCompileModules": [
        "...MASTER...",
        "tb_TOP_Counter",
        "tb_TOP_Counter"
    ],
    "rlimit": {
        "data": -1,
        "stack": -1
    },
    "CompileStatus": "Successful"
}