{
    "Modules": {
        "lab3_tb": {
            "child_modules": {
                "dff": 8,
                "mux2": 8
            },
            "start_perf": [
                0.47497820854187012,
                0.087689000000000003,
                0.073413999999999993,
                219728,
                221268,
                1614303825.7042191,
                108875574541856
            ],
            "Compiled": "Yes",
            "Compiled Times": 11,
            "end_perf": [
                0.51198005676269531,
                0.102671,
                0.079057000000000002,
                221688,
                221692,
                108875704318052,
                25769803777,
                0
            ],
            "nMops": 562,
            "nQuads": 286,
            "nRouts": 46
        },
        "...MASTER...": {
            "child_modules": {
                "lab3_tb": 1
            },
            "start_perf": [
                0.39592409133911133,
                0.075775999999999996,
                0.063488000000000003,
                219672,
                221268,
                1614303825.625165,
                108875297573614
            ],
            "end_perf": [
                0.43255615234375,
                0.079533000000000006,
                0.068459000000000006,
                219696,
                221268,
                108875425985194,
                0,
                0
            ],
            "nMops": 0,
            "nQuads": 0,
            "nRouts": 5
        },
        "mux2": {
            "child_modules": {},
            "start_perf": [
                0.46297121047973633,
                0.082376000000000005,
                0.072206000000000006,
                219728,
                221268,
                1614303825.6922121,
                108875532467894
            ],
            "Compiled": "Yes",
            "Compiled Times": 5,
            "end_perf": [
                0.47483515739440918,
                0.087610999999999994,
                0.073348999999999998,
                219728,
                221268,
                108875574126438,
                17179869185,
                0
            ],
            "nMops": 153,
            "nQuads": 64,
            "nRouts": 13
        },
        "dff": {
            "child_modules": {},
            "start_perf": [
                0.43291306495666504,
                0.079714999999999994,
                0.068614999999999995,
                219696,
                221268,
                1614303825.662154,
                108875427172676
            ],
            "Compiled": "Yes",
            "Compiled Times": 5,
            "end_perf": [
                0.46282410621643066,
                0.082296999999999995,
                0.072137000000000007,
                219728,
                221268,
                108875532034654,
                12884901889,
                0
            ],
            "nMops": 0,
            "nQuads": 0,
            "nRouts": 22
        }
    },
    "stat": {
        "ru_self_end": {
            "ru_nvcsw": 287,
            "ru_utime_sec": 0.11386300000000001,
            "ru_majflt": 0,
            "ru_minflt": 26030,
            "ru_stime_sec": 0.086948999999999999,
            "ru_maxrss_kb": 78584,
            "ru_nivcsw": 63
        },
        "peak_mem_kb": 221716,
        "ru_childs_end": {
            "ru_nvcsw": 22,
            "ru_utime_sec": 0.038693999999999999,
            "ru_majflt": 0,
            "ru_minflt": 6914,
            "ru_stime_sec": 0.027963999999999999,
            "ru_maxrss_kb": 26544,
            "ru_nivcsw": 8
        },
        "cpu_cycles_end": 108875989913324
    },
    "CompUnits": {
        "TesMA_d": {
            "mod": "lab3_tb",
            "checksum": 0,
            "out": "TesMA_d.o",
            "archive": "archive.10/_18158_archive_1.a",
            "bytes": 17646,
            "mode": 4,
            "text": 2830
        }
    },
    "reusePaths": {
        "amcQw_d": {
            "icPath": "csrc"
        },
        "i3rNP_d": {
            "icPath": "csrc"
        },
        "IWW0i_d": {
            "icPath": "csrc"
        }
    },
    "ObjArchives": [
        {
            "archive": "archive.10/_18158_archive_1.a",
            "objects": [
                [
                    "TesMA_d.o",
                    17646
                ],
                [
                    "amcQwB.o",
                    99326
                ]
            ],
            "size": 116972
        }
    ]
}