{
    "CompUnits": {},
    "Modules": {
        "...MASTER...": {
            "start_perf": [
                0.47243714332580566,
                0.072272000000000003,
                0.059737999999999999,
                219668,
                221264,
                1614474403.5346031,
                706579239969154
            ],
            "end_perf": [
                0.50869512557983398,
                0.076904,
                0.063721,
                219692,
                221264,
                706579367061060,
                0,
                0
            ],
            "child_modules": {
                "reg_tb": 1
            },
            "nQuads": 0,
            "nMops": 0,
            "nRouts": 5
        },
        "dff": {
            "start_perf": [
                0.50905394554138184,
                0.077090000000000006,
                0.063874,
                219692,
                221264,
                1614474403.5712199,
                706579368256510
            ],
            "end_perf": [
                0.53784394264221191,
                0.080187999999999995,
                0.066822999999999994,
                219724,
                221264,
                706579469216410,
                12884901889,
                0
            ],
            "child_modules": {},
            "Compiled Times": 50,
            "Compiled": "Yes",
            "nQuads": 0,
            "nMops": 0,
            "nRouts": 22
        },
        "mux2": {
            "start_perf": [
                0.53799700736999512,
                0.080271999999999996,
                0.066892999999999994,
                219724,
                221264,
                1614474403.600163,
                706579469649436
            ],
            "end_perf": [
                0.55055999755859375,
                0.084441000000000002,
                0.069087999999999997,
                219724,
                221264,
                706579513753440,
                17179869185,
                0
            ],
            "child_modules": {},
            "Compiled Times": 50,
            "Compiled": "Yes",
            "nQuads": 64,
            "nMops": 153,
            "nRouts": 13
        },
        "reg_tb": {
            "start_perf": [
                0.55070114135742188,
                0.084519999999999998,
                0.069152000000000005,
                219724,
                221264,
                1614474403.6128671,
                706579514163772
            ],
            "end_perf": [
                0.55927395820617676,
                0.087003999999999998,
                0.072866,
                219724,
                221264,
                706579544282186,
                25769803777,
                0
            ],
            "child_modules": {
                "mux2": 8,
                "dff": 8
            },
            "Compiled Times": 43,
            "Compiled": "Yes",
            "nQuads": 189,
            "nMops": 350,
            "nRouts": 48
        }
    },
    "reusePaths": {
        "amcQw_d": {
            "icPath": "csrc"
        },
        "eLAp0_d": {
            "icPath": "csrc"
        },
        "IWW0i_d": {
            "icPath": "csrc"
        },
        "i3rNP_d": {
            "icPath": "csrc"
        }
    },
    "ObjArchives": [
        {
            "archive": "archive.55/_22763_archive_1.a",
            "objects": [
                [
                    "amcQwB.o",
                    99246
                ]
            ],
            "size": 99246
        }
    ],
    "stat": {
        "ru_self_end": {
            "ru_minflt": 25688,
            "ru_utime_sec": 0.096780000000000005,
            "ru_majflt": 0,
            "ru_maxrss_kb": 78076,
            "ru_stime_sec": 0.082642999999999994,
            "ru_nvcsw": 286,
            "ru_nivcsw": 61
        },
        "ru_childs_end": {
            "ru_minflt": 6914,
            "ru_utime_sec": 0.032732999999999998,
            "ru_majflt": 0,
            "ru_maxrss_kb": 26556,
            "ru_stime_sec": 0.036935000000000003,
            "ru_nvcsw": 22,
            "ru_nivcsw": 9
        },
        "cpu_cycles_end": 706579849780104,
        "peak_mem_kb": 221668
    }
}