{
    "Modules": {
        "...MASTER...": {
            "start_perf": [
                0.57685518264770508,
                0.108639,
                0.057714000000000001,
                209320,
                222172,
                1619920342.0848601,
                14043700843260046
            ],
            "child_modules": {
                "alu_tb": 1,
                "std": 1
            },
            "end_perf": [
                0.61608505249023438,
                0.11142000000000001,
                0.065276000000000001,
                210796,
                222172,
                14043700980916056,
                0,
                0
            ],
            "nQuads": 0,
            "nMops": 0,
            "nRouts": 5
        },
        "alu_tb": {
            "Compiled Times": 29,
            "start_perf": [
                0.65632414817810059,
                0.122725,
                0.068681000000000006,
                210828,
                222172,
                1619920342.1643291,
                14043701121827276
            ],
            "child_modules": {},
            "Compiled": "Yes",
            "end_perf": [
                0.80867314338684082,
                0.16339000000000001,
                0.076825000000000004,
                215024,
                222172,
                14043701655785970,
                17179869185,
                0
            ],
            "nQuads": 1022,
            "nMops": 1960,
            "nRouts": 119
        },
        "std": {
            "start_perf": [
                0.61648702621459961,
                0.111802,
                0.065276000000000001,
                210796,
                222172,
                1619920342.1244919,
                14043700982260514
            ],
            "Compiled Times": 29,
            "child_modules": {},
            "Compiled": "Yes",
            "end_perf": [
                0.65614414215087891,
                0.122609,
                0.068615999999999996,
                210828,
                222172,
                14043701121278010,
                8589934594,
                0
            ],
            "svclass": [
                "$vcs_nba_dyn_obj",
                0,
                35,
                2,
                2,
                0,
                "sigprop$$",
                0,
                35,
                2,
                2,
                0,
                "process",
                0,
                200,
                8,
                8,
                0,
                "event",
                0,
                34,
                2,
                2,
                0,
                "mailbox",
                0,
                140,
                9,
                9,
                0,
                "semaphore",
                0,
                84,
                5,
                5,
                0
            ],
            "nQuads": 218,
            "nMops": 528,
            "nRouts": 33
        }
    },
    "CompUnits": {
        "EiRPr_d": {
            "mod": "alu_tb",
            "out": "EiRPr_d.o",
            "bytes": 35444,
            "checksum": 0,
            "text": 15810,
            "mode": 4,
            "archive": "archive.28/_27937_archive_1.a"
        }
    },
    "stat": {
        "ru_self_end": {
            "ru_utime_sec": 0.16996900000000001,
            "ru_majflt": 0,
            "ru_stime_sec": 0.086587999999999998,
            "ru_nivcsw": 34,
            "ru_maxrss_kb": 79604,
            "ru_minflt": 26751,
            "ru_nvcsw": 373
        },
        "ru_childs_end": {
            "ru_utime_sec": 0.020167999999999998,
            "ru_majflt": 0,
            "ru_stime_sec": 0.023854,
            "ru_nivcsw": 8,
            "ru_maxrss_kb": 24400,
            "ru_minflt": 6904,
            "ru_nvcsw": 22
        },
        "cpu_cycles_end": 14043701952799572,
        "peak_mem_kb": 222172
    },
    "reusePaths": {
        "amcQw_d": {
            "icPath": "csrc"
        },
        "reYIK_d": {
            "icPath": "csrc"
        }
    },
    "ObjArchives": [
        {
            "archive": "archive.28/_27937_archive_1.a",
            "size": 136006,
            "objects": [
                [
                    "EiRPr_d.o",
                    35444
                ],
                [
                    "amcQwB.o",
                    100562
                ]
            ]
        }
    ]
}