{
    "reusePaths": {
        "amcQw_d": {
            "icPath": "csrc"
        },
        "reYIK_d": {
            "icPath": "csrc"
        }
    },
    "Modules": {
        "alu_tb": {
            "start_perf": [
                0.74959802627563477,
                0.113771,
                0.081114000000000006,
                210856,
                222176,
                1619595013.716809,
                12903754887807856
            ],
            "child_modules": {},
            "Compiled": "Yes",
            "Compiled Times": 71,
            "nMops": 1844,
            "nQuads": 946,
            "end_perf": [
                0.84665989875793457,
                0.155949,
                0.083242999999999998,
                214748,
                222176,
                12903755227823652,
                17179869185,
                0
            ],
            "nRouts": 116
        },
        "...MASTER...": {
            "start_perf": [
                0.67437100410461426,
                0.101481,
                0.069529999999999995,
                209328,
                222176,
                1619595013.641582,
                12903754623999464
            ],
            "child_modules": {
                "std": 1,
                "alu_tb": 1
            },
            "nMops": 0,
            "nQuads": 0,
            "end_perf": [
                0.7094569206237793,
                0.103919,
                0.076138999999999998,
                210824,
                222176,
                12903754747241736,
                0,
                0
            ],
            "nRouts": 5
        },
        "std": {
            "start_perf": [
                0.70983004570007324,
                0.10412299999999999,
                0.076287999999999995,
                210824,
                222176,
                1619595013.6770411,
                12903754748483166
            ],
            "svclass": [
                "$vcs_nba_dyn_obj",
                0,
                35,
                2,
                2,
                0,
                "sigprop$$",
                0,
                35,
                2,
                2,
                0,
                "process",
                0,
                200,
                8,
                8,
                0,
                "event",
                0,
                34,
                2,
                2,
                0,
                "mailbox",
                0,
                140,
                9,
                9,
                0,
                "semaphore",
                0,
                84,
                5,
                5,
                0
            ],
            "child_modules": {},
            "Compiled": "Yes",
            "Compiled Times": 41,
            "nMops": 528,
            "end_perf": [
                0.74941897392272949,
                0.113666,
                0.081039,
                210856,
                222176,
                12903754887265040,
                8589934594,
                0
            ],
            "nQuads": 218,
            "nRouts": 33
        }
    },
    "CompUnits": {
        "EiRPr_d": {
            "mode": 4,
            "mod": "alu_tb",
            "out": "EiRPr_d.o",
            "checksum": 0,
            "bytes": 33866,
            "text": 14618,
            "archive": "archive.70/_24565_archive_1.a"
        }
    },
    "ObjArchives": [
        {
            "objects": [
                [
                    "EiRPr_d.o",
                    33866
                ],
                [
                    "amcQwB.o",
                    100562
                ]
            ],
            "archive": "archive.70/_24565_archive_1.a",
            "size": 134428
        }
    ],
    "stat": {
        "ru_self_end": {
            "ru_stime_sec": 0.086740999999999999,
            "ru_utime_sec": 0.16491600000000001,
            "ru_maxrss_kb": 79592,
            "ru_minflt": 26504,
            "ru_nivcsw": 34,
            "ru_majflt": 0,
            "ru_nvcsw": 392
        },
        "peak_mem_kb": 222176,
        "ru_childs_end": {
            "ru_stime_sec": 0.0089110000000000005,
            "ru_utime_sec": 0.020188999999999999,
            "ru_maxrss_kb": 24452,
            "ru_minflt": 6904,
            "ru_nivcsw": 9,
            "ru_majflt": 0,
            "ru_nvcsw": 22
        },
        "cpu_cycles_end": 12903755491829994
    }
}