{
    "Modules": {
        "alu_tb": {
            "start_perf": [
                0.64932990074157715,
                0.117441,
                0.076869999999999994,
                210244,
                221720,
                1619068801.995368,
                11059916609396880
            ],
            "end_perf": [
                0.68156886100769043,
                0.13811200000000001,
                0.081804000000000002,
                210928,
                221720,
                11059916722709742,
                17179869185,
                0
            ],
            "child_modules": {},
            "Compiled": "Yes",
            "Compiled Times": 95,
            "nMops": 1842,
            "nQuads": 1299,
            "nRouts": 139
        },
        "...MASTER...": {
            "start_perf": [
                0.56687593460083008,
                0.10172100000000001,
                0.066386000000000001,
                208684,
                221720,
                1619068801.912914,
                11059916320468386
            ],
            "end_perf": [
                0.60850286483764648,
                0.10594000000000001,
                0.073424000000000003,
                210212,
                221720,
                11059916466393118,
                0,
                0
            ],
            "child_modules": {
                "std": 1,
                "alu_tb": 1
            },
            "nMops": 0,
            "nQuads": 0,
            "nRouts": 5
        },
        "std": {
            "start_perf": [
                0.60887598991394043,
                0.10614700000000001,
                0.073566999999999994,
                210212,
                221720,
                1619068801.9549141,
                11059916467624726
            ],
            "svclass": [
                "$vcs_nba_dyn_obj",
                0,
                35,
                2,
                2,
                0,
                "sigprop$$",
                0,
                35,
                2,
                2,
                0,
                "process",
                0,
                200,
                8,
                8,
                0,
                "event",
                0,
                34,
                2,
                2,
                0,
                "mailbox",
                0,
                140,
                9,
                9,
                0,
                "semaphore",
                0,
                84,
                5,
                5,
                0
            ],
            "end_perf": [
                0.64873290061950684,
                0.11708,
                0.076633999999999994,
                210244,
                221720,
                11059916608796916,
                8589934594,
                0
            ],
            "child_modules": {},
            "Compiled": "Yes",
            "Compiled Times": 95,
            "nQuads": 218,
            "nMops": 528,
            "nRouts": 33
        }
    },
    "ObjArchives": [
        {
            "objects": [
                [
                    "amcQwB.o",
                    101106
                ]
            ],
            "archive": "archive.94/_3457_archive_1.a",
            "size": 101106
        }
    ],
    "CompUnits": {},
    "reusePaths": {
        "amcQw_d": {
            "icPath": "csrc"
        },
        "EiRPr_d": {
            "icPath": "csrc"
        },
        "reYIK_d": {
            "icPath": "csrc"
        }
    },
    "stat": {
        "ru_self_end": {
            "ru_majflt": 0,
            "ru_utime_sec": 0.13999300000000001,
            "ru_stime_sec": 0.087628999999999999,
            "ru_maxrss_kb": 77520,
            "ru_nvcsw": 344,
            "ru_minflt": 26008,
            "ru_nivcsw": 37
        },
        "cpu_cycles_end": 11059916978054174,
        "ru_childs_end": {
            "ru_majflt": 0,
            "ru_utime_sec": 0.021881999999999999,
            "ru_stime_sec": 0.023734000000000002,
            "ru_maxrss_kb": 23924,
            "ru_nvcsw": 22,
            "ru_minflt": 6904,
            "ru_nivcsw": 8
        },
        "peak_mem_kb": 221720
    }
}