{
    "cpu_cycles_pass2_start": 8035920696017240,
    "cycles_program_begin": 8035918768589034,
    "perf": [
        [
            0.046327114105224609,
            0.036503000000000001,
            0.017177999999999999,
            205924,
            206592,
            1618205751.366981,
            8035918875253922,
            "doParsingAndDesignResolution",
            "entry"
        ],
        [
            0.055378198623657227,
            0.036928999999999997,
            0.021191999999999999,
            206528,
            207176,
            1618205751.3760321,
            8035918906936864,
            "doParsingAndDesignResolution",
            "exit"
        ],
        [
            0.068233966827392578,
            0.036963000000000003,
            0.022176999999999999,
            206664,
            207176,
            1618205751.3888879,
            8035918952026122,
            "doPostDesignResolutionToVir2Vcs",
            "entry"
        ],
        [
            0.086107015609741211,
            0.038379000000000003,
            0.026651999999999999,
            207780,
            207784,
            1618205751.4067609,
            8035919014756598,
            "doUptoVir2VcsNoSepCleanup",
            "entry"
        ],
        [
            0.42920804023742676,
            0.061490999999999997,
            0.049828999999999998,
            208956,
            221332,
            1618205751.749862,
            8035920217156780,
            "doUptoVir2VcsNoSepCleanup",
            "exit"
        ],
        [
            0.42943716049194336,
            0.061490999999999997,
            0.05006,
            208956,
            221332,
            1618205751.7500911,
            8035920217848656,
            "doRadify_vir2vcsAll",
            "entry"
        ],
        [
            0.4533991813659668,
            0.067770999999999998,
            0.052946,
            209468,
            221332,
            1618205751.7740531,
            8035920301887570,
            "doRadify_vir2vcsAll",
            "exit"
        ],
        [
            0.45353412628173828,
            0.067848000000000006,
            0.053005999999999998,
            209468,
            221332,
            1618205751.774188,
            8035920302267250,
            "doPostDesignResolutionToVir2Vcs",
            "exit"
        ],
        [
            0.45363807678222656,
            0.067905999999999994,
            0.053052000000000002,
            209468,
            221332,
            1618205751.774292,
            8035920302608144,
            "doGAToPass2",
            "entry"
        ],
        [
            0.56584811210632324,
            0.070472000000000007,
            0.058546000000000001,
            207912,
            221332,
            1618205751.886502,
            8035920695941552,
            "DoPass2",
            "entry"
        ],
        [
            0.68570518493652344,
            0.093101000000000003,
            0.070883000000000002,
            211128,
            221332,
            1618205752.0063591,
            8035921115913354,
            "DoPass2",
            "exit"
        ]
    ],
    "NameTable": {
        "ram_tb": [
            "ram_tb",
            "mLbZt",
            "module",
            1
        ],
        "...MASTER...": [
            "SIM",
            "amcQw",
            "module",
            2
        ]
    },
    "PrevCompiledModules": {
        "ram_tb": {
            "mLbZt_d": {
                "mode": 4,
                "out": "mLbZt_d.o",
                "bytes": 23646,
                "mod": "ram_tb",
                "checksum": 0,
                "archive": "archive.150/_prev_archive_1.a"
            }
        },
        "...MASTER...": {
            "amcQw_d": {
                "mode": 4,
                "out": "objs/amcQw_d.o",
                "bytes": 7494,
                "mod": "...MASTER...",
                "checksum": 0
            }
        }
    },
    "MlibObjs": {},
    "SIMBData": {
        "text": 0,
        "bytes": 99524,
        "out": "amcQwB.o",
        "archive": "archive.150/_2638_archive_1.a"
    },
    "PEModules": [],
    "CompileProcesses": [
        "cgproc.2638.json"
    ],
    "CompileStrategy": "fullobj",
    "stat": {
        "totalObjSize": 99524,
        "nQuads": 452,
        "quadSpeed": 13036.079946932769,
        "peak_mem_kb": 221332,
        "ru_self_cgstart": {
            "ru_utime_sec": 0.070583999999999994,
            "ru_stime_sec": 0.058638999999999997,
            "ru_maxrss_kb": 68820,
            "ru_nivcsw": 38,
            "ru_minflt": 22720,
            "ru_majflt": 0,
            "ru_nvcsw": 258
        },
        "ru_self_end": {
            "ru_utime_sec": 0.10220600000000001,
            "ru_stime_sec": 0.072396000000000002,
            "ru_maxrss_kb": 74636,
            "ru_nivcsw": 48,
            "ru_minflt": 25066,
            "ru_majflt": 0,
            "ru_nvcsw": 332
        },
        "CodeGen(%)": 25.157447179010916,
        "ru_childs_cgstart": {
            "ru_utime_sec": 0.032566999999999999,
            "ru_stime_sec": 0.027716999999999999,
            "ru_maxrss_kb": 22456,
            "ru_nivcsw": 6,
            "ru_minflt": 6321,
            "ru_majflt": 0,
            "ru_nvcsw": 17
        },
        "cpu_cycles_cgstart": 8035920696278702,
        "nMops": 1193,
        "ru_childs_end": {
            "ru_utime_sec": 0.035617999999999997,
            "ru_stime_sec": 0.032802999999999999,
            "ru_maxrss_kb": 22828,
            "ru_nivcsw": 8,
            "ru_minflt": 6914,
            "ru_majflt": 0,
            "ru_nvcsw": 22
        },
        "cpu_cycles_end": 8035921304616926,
        "outputSizePerQuad": 220.18584070796462,
        "cpu_cycles_total": 2536027892,
        "Frontend(%)": 74.842552820989084,
        "mopSpeed": 34407.175612147774,
        "mop/quad": 2.6393805309734515,
        "realTime": 0.73981714248657227
    },
    "CompileStatus": "Successful",
    "CurCompileModules": [
        "...MASTER...",
        "ram_tb"
    ],
    "CurCompileUdps": {},
    "incremental": "on",
    "LVLData": [
        "SIM"
    ],
    "Misc": {
        "daidir_abs": "/home/users9/jp581081/526LSP21/LAB7/simv.daidir",
        "vcs_version": "N-2017.12-SP2-2_Full64",
        "vcs_build_date": "Build Date = Aug 15 2018 23:36:09",
        "master_pid": 2638,
        "csrc_abs": "/home/users9/jp581081/526LSP21/LAB7/csrc",
        "VCS_HOME": "/opt/synopsys/vcs-mx/N-2017.12-SP2-2",
        "daidir": "simv.daidir",
        "cwd": "/home/users9/jp581081/526LSP21/LAB7",
        "csrc": "csrc",
        "default_output_dir": "csrc",
        "archive_dir": "archive.150"
    },
    "rlimit": {
        "data": -1,
        "stack": -1
    }
}