{
    "Modules": {
        "...MASTER...": {
            "start_perf": [
                0.56618309020996094,
                0.070655999999999997,
                0.058698,
                207912,
                221332,
                1618205751.886837,
                8035920697031378
            ],
            "nQuads": 0,
            "child_modules": {
                "ram_tb": 1
            },
            "end_perf": [
                0.60452604293823242,
                0.078127000000000002,
                0.061003000000000002,
                209344,
                221332,
                8035920831434598,
                0,
                0
            ],
            "nMops": 0,
            "nRouts": 5
        },
        "ram_tb": {
            "start_perf": [
                0.60486698150634766,
                0.078309000000000004,
                0.061144999999999998,
                209344,
                221332,
                1618205751.9255209,
                8035920832568840
            ],
            "nQuads": 452,
            "child_modules": {},
            "nRouts": 55,
            "Compiled": "Yes",
            "nMops": 1193,
            "Compiled Times": 151,
            "end_perf": [
                0.64667510986328125,
                0.089774999999999994,
                0.067595000000000002,
                210112,
                221332,
                8035920979133286,
                17179869185,
                0
            ]
        }
    },
    "ObjArchives": [
        {
            "size": 99524,
            "archive": "archive.150/_2638_archive_1.a",
            "objects": [
                [
                    "amcQwB.o",
                    99524
                ]
            ]
        }
    ],
    "CompUnits": {},
    "reusePaths": {
        "amcQw_d": {
            "icPath": "csrc"
        },
        "mLbZt_d": {
            "icPath": "csrc"
        }
    },
    "stat": {
        "ru_self_end": {
            "ru_utime_sec": 0.101717,
            "ru_stime_sec": 0.072049000000000002,
            "ru_maxrss_kb": 74636,
            "ru_nivcsw": 48,
            "ru_minflt": 25061,
            "ru_majflt": 0,
            "ru_nvcsw": 329
        },
        "ru_childs_end": {
            "ru_utime_sec": 0.035617999999999997,
            "ru_stime_sec": 0.032802999999999999,
            "ru_maxrss_kb": 22828,
            "ru_nivcsw": 8,
            "ru_minflt": 6914,
            "ru_majflt": 0,
            "ru_nvcsw": 22
        },
        "cpu_cycles_end": 8035921280772398,
        "peak_mem_kb": 221332
    }
}