{
    "CompUnits": {
        "VwjFs_d": {
            "mod": "text",
            "mode": 4,
            "out": "VwjFs_d.o",
            "bytes": 48052,
            "text": 20795,
            "checksum": 0,
            "archive": "archive.142/_20847_archive_1.a"
        }
    },
    "Modules": {
        "...MASTER...": {
            "child_modules": {
                "std": 1,
                "text": 1
            },
            "start_perf": [
                1.1450121402740479,
                0.114895,
                0.076948000000000003,
                220600,
                222196,
                1617501960.856564,
                5569841906350648
            ],
            "end_perf": [
                1.1824409961700439,
                0.118267,
                0.082364000000000007,
                220624,
                222196,
                5569842037612816,
                0,
                0
            ],
            "nQuads": 0,
            "nMops": 0,
            "nRouts": 5
        },
        "std": {
            "Compiled Times": 21,
            "svclass": [
                "$vcs_nba_dyn_obj",
                0,
                35,
                2,
                2,
                0,
                "sigprop$$",
                0,
                35,
                2,
                2,
                0,
                "process",
                0,
                200,
                8,
                8,
                0,
                "event",
                0,
                34,
                2,
                2,
                0,
                "mailbox",
                0,
                140,
                9,
                9,
                0,
                "semaphore",
                0,
                84,
                5,
                5,
                0
            ],
            "start_perf": [
                1.1827950477600098,
                0.118267,
                0.082700999999999997,
                220624,
                222196,
                1617501960.894347,
                5569842038732614
            ],
            "child_modules": {},
            "Compiled": "Yes",
            "end_perf": [
                1.2199101448059082,
                0.12564500000000001,
                0.087951000000000001,
                220656,
                222196,
                5569842168846976,
                8589934594,
                0
            ],
            "nQuads": 218,
            "nMops": 528,
            "nRouts": 33
        },
        "text": {
            "Compiled Times": 127,
            "child_modules": {},
            "start_perf": [
                1.2200820446014404,
                0.125747,
                0.088022000000000003,
                220656,
                222196,
                1617501960.9316339,
                5569842169366054
            ],
            "Compiled": "Yes",
            "end_perf": [
                1.3462719917297363,
                0.17017499999999999,
                0.092917,
                222616,
                222620,
                5569842611664270,
                38654705665,
                0
            ],
            "nQuads": 1165,
            "nMops": 3221,
            "nRouts": 131
        }
    },
    "reusePaths": {
        "amcQw_d": {
            "icPath": "csrc"
        },
        "reYIK_d": {
            "icPath": "csrc"
        }
    },
    "ObjArchives": [
        {
            "archive": "archive.142/_20847_archive_1.a",
            "objects": [
                [
                    "VwjFs_d.o",
                    48052
                ],
                [
                    "amcQwB.o",
                    101468
                ]
            ],
            "size": 149520
        }
    ],
    "stat": {
        "ru_self_end": {
            "ru_utime_sec": 0.17996000000000001,
            "ru_minflt": 27135,
            "ru_stime_sec": 0.101489,
            "ru_nivcsw": 69,
            "ru_maxrss_kb": 84464,
            "ru_majflt": 0,
            "ru_nvcsw": 546
        },
        "ru_childs_end": {
            "ru_utime_sec": 0.017502,
            "ru_minflt": 6914,
            "ru_stime_sec": 0.024671999999999999,
            "ru_nivcsw": 9,
            "ru_maxrss_kb": 28596,
            "ru_majflt": 0,
            "ru_nvcsw": 22
        },
        "cpu_cycles_end": 5569842902414754,
        "peak_mem_kb": 222644
    }
}