{
    "Modules": {
        "text": {
            "nRouts": 131,
            "Compiled Times": 123,
            "start_perf": [
                1.1982600688934326,
                0.13561899999999999,
                0.081370999999999999,
                220660,
                222200,
                1617163679.7790101,
                4384507303697872
            ],
            "child_modules": {},
            "Compiled": "Yes",
            "end_perf": [
                1.3401689529418945,
                0.19365599999999999,
                0.088497999999999993,
                222620,
                222624,
                4384507801081126,
                38654705665,
                0
            ],
            "nQuads": 2358,
            "nMops": 6638
        },
        "...MASTER...": {
            "nRouts": 5,
            "start_perf": [
                1.1296401023864746,
                0.12503,
                0.071444999999999995,
                220604,
                222200,
                1617163679.7103901,
                4384507063083338
            ],
            "child_modules": {
                "std": 1,
                "text": 1
            },
            "end_perf": [
                1.1622579097747803,
                0.12800900000000001,
                0.075971999999999998,
                220628,
                222200,
                4384507177642266,
                0,
                0
            ],
            "nQuads": 0,
            "nMops": 0
        },
        "std": {
            "nRouts": 33,
            "Compiled Times": 17,
            "start_perf": [
                1.1625990867614746,
                0.12800900000000001,
                0.076295000000000002,
                220628,
                222200,
                1617163679.7433491,
                4384507178715464
            ],
            "child_modules": {},
            "Compiled": "Yes",
            "end_perf": [
                1.1980900764465332,
                0.13551199999999999,
                0.081307000000000004,
                220660,
                222200,
                4384507303145302,
                8589934594,
                0
            ],
            "nQuads": 218,
            "svclass": [
                "$vcs_nba_dyn_obj",
                0,
                35,
                2,
                2,
                0,
                "sigprop$$",
                0,
                35,
                2,
                2,
                0,
                "process",
                0,
                200,
                8,
                8,
                0,
                "event",
                0,
                34,
                2,
                2,
                0,
                "mailbox",
                0,
                140,
                9,
                9,
                0,
                "semaphore",
                0,
                84,
                5,
                5,
                0
            ],
            "nMops": 528
        }
    },
    "CompUnits": {
        "VwjFs_d": {
            "mod": "text",
            "checksum": 0,
            "bytes": 48564,
            "out": "VwjFs_d.o",
            "archive": "archive.138/_31660_archive_1.a",
            "text": 21115,
            "mode": 4
        }
    },
    "reusePaths": {
        "reYIK_d": {
            "icPath": "csrc"
        },
        "amcQw_d": {
            "icPath": "csrc"
        }
    },
    "ObjArchives": [
        {
            "archive": "archive.138/_31660_archive_1.a",
            "objects": [
                [
                    "VwjFs_d.o",
                    48564
                ],
                [
                    "amcQwB.o",
                    101538
                ]
            ],
            "size": 150102
        }
    ],
    "stat": {
        "ru_self_end": {
            "ru_nvcsw": 549,
            "ru_utime_sec": 0.20413999999999999,
            "ru_nivcsw": 72,
            "ru_stime_sec": 0.096311999999999995,
            "ru_maxrss_kb": 84640,
            "ru_minflt": 27366,
            "ru_majflt": 0
        },
        "ru_childs_end": {
            "ru_nvcsw": 22,
            "ru_utime_sec": 0.010342,
            "ru_nivcsw": 8,
            "ru_stime_sec": 0.029638999999999999,
            "ru_maxrss_kb": 28608,
            "ru_minflt": 6914,
            "ru_majflt": 0
        },
        "cpu_cycles_end": 4384508096132712,
        "peak_mem_kb": 222648
    }
}