{
    "cycles_program_begin": 4332082238854496,
    "CompileStrategy": "fullobj",
    "perf": [
        [
            0.04173588752746582,
            0.025252,
            0.028166,
            205944,
            206592,
            1615509080.938123,
            4332082328844630,
            "doParsingAndDesignResolution",
            "entry"
        ],
        [
            0.047864913940429688,
            0.027109999999999999,
            0.029047,
            206332,
            206592,
            1615509080.944252,
            4332082350291066,
            "doParsingAndDesignResolution",
            "exit"
        ],
        [
            0.061734914779663086,
            0.028093,
            0.030030000000000001,
            206644,
            206652,
            1615509080.958122,
            4332082399196528,
            "doPostDesignResolutionToVir2Vcs",
            "entry"
        ],
        [
            0.083012819290161133,
            0.031447999999999997,
            0.035373000000000002,
            207672,
            207676,
            1615509080.9793999,
            4332082473733216,
            "doUptoVir2VcsNoSepCleanup",
            "entry"
        ],
        [
            0.27761483192443848,
            0.038765000000000001,
            0.055994000000000002,
            208144,
            220520,
            1615509081.1740019,
            4332083155668848,
            "doUptoVir2VcsNoSepCleanup",
            "exit"
        ],
        [
            0.27782893180847168,
            0.038852999999999999,
            0.056120999999999997,
            208144,
            220520,
            1615509081.174216,
            4332083156306408,
            "doRadify_vir2vcsAll",
            "entry"
        ],
        [
            0.29976987838745117,
            0.043763999999999997,
            0.059776000000000003,
            208656,
            220520,
            1615509081.196157,
            4332083233274336,
            "doRadify_vir2vcsAll",
            "exit"
        ],
        [
            0.29990601539611816,
            0.043822,
            0.059854999999999998,
            208656,
            220520,
            1615509081.1962931,
            4332083233689966,
            "doPostDesignResolutionToVir2Vcs",
            "exit"
        ],
        [
            0.30002093315124512,
            0.043822,
            0.059970000000000002,
            208656,
            220520,
            1615509081.196408,
            4332083234036936,
            "doGAToPass2",
            "entry"
        ],
        [
            0.41388893127441406,
            0.044096000000000003,
            0.065093999999999999,
            207100,
            220520,
            1615509081.310276,
            4332083632914796,
            "DoPass2",
            "entry"
        ],
        [
            0.54241085052490234,
            0.060065,
            0.085807999999999995,
            212416,
            220520,
            1615509081.438798,
            4332084083476810,
            "DoPass2",
            "exit"
        ]
    ],
    "MlibObjs": {},
    "PrevCompiledModules": {
        "...MASTER...": {
            "amcQw_d": {
                "bytes": 7502,
                "mode": 4,
                "mod": "...MASTER...",
                "out": "objs/amcQw_d.o",
                "checksum": 0
            }
        },
        "majority_tb": {
            "M8v38_d": {
                "bytes": 14130,
                "mode": 4,
                "mod": "majority_tb",
                "checksum": 0,
                "out": "M8v38_d.o",
                "archive": "archive.148/_25019_archive_1.a"
            }
        }
    },
    "NameTable": {
        "majority_tb": [
            "majority_tb",
            "M8v38",
            "module",
            2
        ],
        "...MASTER...": [
            "SIM",
            "amcQw",
            "module",
            4
        ]
    },
    "cpu_cycles_pass2_start": 4332083632948980,
    "stat": {
        "cpu_cycles_cgstart": 4332083633055046,
        "ru_self_end": {
            "ru_minflt": 24074,
            "ru_utime_sec": 0.066289000000000001,
            "ru_nvcsw": 271,
            "ru_stime_sec": 0.089049000000000003,
            "ru_maxrss_kb": 71652,
            "ru_majflt": 0,
            "ru_nivcsw": 46
        },
        "ru_self_cgstart": {
            "ru_minflt": 21660,
            "ru_utime_sec": 0.044130999999999997,
            "ru_nvcsw": 198,
            "ru_stime_sec": 0.065145999999999996,
            "ru_maxrss_kb": 65220,
            "ru_majflt": 0,
            "ru_nivcsw": 37
        },
        "nMops": 369,
        "cpu_cycles_end": 4332084244994058,
        "mopSpeed": 15407.098121085595,
        "ru_childs_cgstart": {
            "ru_minflt": 6321,
            "ru_utime_sec": 0.029444000000000001,
            "ru_nvcsw": 17,
            "ru_stime_sec": 0.033297,
            "ru_maxrss_kb": 21348,
            "ru_majflt": 0,
            "ru_nivcsw": 6
        },
        "nQuads": 141,
        "totalObjSize": 112996,
        "ru_childs_end": {
            "ru_minflt": 6914,
            "ru_utime_sec": 0.031236,
            "ru_nvcsw": 22,
            "ru_stime_sec": 0.035089000000000002,
            "ru_maxrss_kb": 21724,
            "ru_majflt": 0,
            "ru_nivcsw": 8
        },
        "quadSpeed": 5887.2651356993738,
        "cpu_cycles_total": 2006139562,
        "outputSizePerQuad": 801.39007092198585,
        "mop/quad": 2.6170212765957448,
        "Frontend(%)": 75.442194309151503,
        "peak_mem_kb": 220520,
        "CodeGen(%)": 24.5578056908485,
        "realTime": 0.58875584602355957
    },
    "incremental": "on",
    "CurCompileUdps": {},
    "LVLData": [
        "SIM"
    ],
    "PEModules": [],
    "SIMBData": {
        "text": 0,
        "out": "amcQwB.o",
        "bytes": 98774,
        "archive": "archive.148/_25019_archive_1.a"
    },
    "CurCompileModules": [
        "...MASTER...",
        "majority_tb",
        "majority_tb"
    ],
    "CompileProcesses": [
        "cgproc.25019.json"
    ],
    "Misc": {
        "master_pid": 25019,
        "vcs_version": "N-2017.12-SP2-2_Full64",
        "csrc_abs": "/home/users9/jp581081/526LSP21/HW_TEST/csrc",
        "vcs_build_date": "Build Date = Aug 15 2018 23:36:09",
        "daidir_abs": "/home/users9/jp581081/526LSP21/HW_TEST/simv.daidir",
        "daidir": "simv.daidir",
        "VCS_HOME": "/opt/synopsys/vcs-mx/N-2017.12-SP2-2",
        "cwd": "/home/users9/jp581081/526LSP21/HW_TEST",
        "csrc": "csrc",
        "default_output_dir": "csrc",
        "archive_dir": "archive.148"
    },
    "rlimit": {
        "data": -1,
        "stack": -1
    },
    "CompileStatus": "Successful"
}