{
    "CompileStrategy": "fullobj",
    "cycles_program_begin": 3454285944691256,
    "Misc": {
        "daidir": "simv.daidir",
        "vcs_version": "N-2017.12-SP2-2_Full64",
        "vcs_build_date": "Build Date = Aug 15 2018 23:36:09",
        "csrc_abs": "/home/users9/jp581081/526LSP21/HW_TEST/csrc",
        "master_pid": 27746,
        "VCS_HOME": "/opt/synopsys/vcs-mx/N-2017.12-SP2-2",
        "cwd": "/home/users9/jp581081/526LSP21/HW_TEST",
        "csrc": "csrc",
        "daidir_abs": "/home/users9/jp581081/526LSP21/HW_TEST/simv.daidir",
        "default_output_dir": "csrc",
        "archive_dir": "archive.127"
    },
    "CurCompileModules": [
        "...MASTER...",
        "majority_tb",
        "majority_tb"
    ],
    "CompileProcesses": [
        "cgproc.27746.json"
    ],
    "stat": {
        "outputSizePerQuad": 374.66288951841358,
        "ru_childs_end": {
            "ru_maxrss_kb": 21688,
            "ru_utime_sec": 0.033632000000000002,
            "ru_nivcsw": 8,
            "ru_stime_sec": 0.037043,
            "ru_minflt": 6914,
            "ru_majflt": 0,
            "ru_nvcsw": 22
        },
        "ru_self_end": {
            "ru_maxrss_kb": 71128,
            "ru_utime_sec": 0.078613000000000002,
            "ru_nivcsw": 46,
            "ru_stime_sec": 0.075664999999999996,
            "ru_minflt": 24169,
            "ru_majflt": 0,
            "ru_nvcsw": 269
        },
        "ru_self_cgstart": {
            "ru_maxrss_kb": 64692,
            "ru_utime_sec": 0.048179,
            "ru_nivcsw": 37,
            "ru_stime_sec": 0.053095000000000003,
            "ru_minflt": 21740,
            "ru_majflt": 0,
            "ru_nvcsw": 196
        },
        "ru_childs_cgstart": {
            "ru_maxrss_kb": 21312,
            "ru_utime_sec": 0.030846999999999999,
            "ru_nivcsw": 6,
            "ru_stime_sec": 0.031473000000000001,
            "ru_minflt": 6321,
            "ru_majflt": 0,
            "ru_nvcsw": 17
        },
        "cpu_cycles_cgstart": 3454287325424972,
        "nMops": 661,
        "realTime": 0.60133194923400879,
        "cpu_cycles_total": 2053162712,
        "totalObjSize": 132256,
        "nQuads": 353,
        "cpu_cycles_end": 3454287997853968,
        "Frontend(%)": 70.404917813711066,
        "mopSpeed": 19898.251000933193,
        "quadSpeed": 10626.448719106531,
        "mop/quad": 1.8725212464589236,
        "CodeGen(%)": 29.595082186288931,
        "peak_mem_kb": 220528
    },
    "perf": [
        [
            0.037926912307739258,
            0.033820999999999997,
            0.016910000000000001,
            205792,
            206592,
            1615258567.839813,
            3454286024287218,
            "doParsingAndDesignResolution",
            "entry"
        ],
        [
            0.044420003890991211,
            0.035261000000000001,
            0.018134000000000001,
            205928,
            206592,
            1615258567.8463061,
            3454286047021316,
            "doParsingAndDesignResolution",
            "exit"
        ],
        [
            0.056123971939086914,
            0.035261000000000001,
            0.019049,
            206260,
            206592,
            1615258567.8580101,
            3454286088046558,
            "doPostDesignResolutionToVir2Vcs",
            "entry"
        ],
        [
            0.071882963180541992,
            0.035366000000000002,
            0.02163,
            206980,
            207400,
            1615258567.873769,
            3454286143317350,
            "doUptoVir2VcsNoSepCleanup",
            "entry"
        ],
        [
            0.27282190322875977,
            0.045603999999999999,
            0.039655999999999997,
            208152,
            220528,
            1615258568.074708,
            3454286847679076,
            "doUptoVir2VcsNoSepCleanup",
            "exit"
        ],
        [
            0.27303791046142578,
            0.045719999999999997,
            0.039757000000000001,
            208152,
            220528,
            1615258568.074924,
            3454286848315752,
            "doRadify_vir2vcsAll",
            "entry"
        ],
        [
            0.29464101791381836,
            0.047176999999999997,
            0.046193999999999999,
            208664,
            220528,
            1615258568.0965271,
            3454286924100042,
            "doRadify_vir2vcsAll",
            "exit"
        ],
        [
            0.29477691650390625,
            0.047246000000000003,
            0.046261999999999998,
            208664,
            220528,
            1615258568.096663,
            3454286924481094,
            "doPostDesignResolutionToVir2Vcs",
            "exit"
        ],
        [
            0.29488086700439453,
            0.047299000000000001,
            0.046313,
            208664,
            220528,
            1615258568.0967669,
            3454286924822920,
            "doGAToPass2",
            "entry"
        ],
        [
            0.4090569019317627,
            0.048075,
            0.052981,
            207108,
            220528,
            1615258568.210943,
            3454287325059802,
            "DoPass2",
            "entry"
        ],
        [
            0.55370903015136719,
            0.069345000000000004,
            0.075288999999999995,
            212488,
            220528,
            1615258568.3555951,
            3454287831865440,
            "DoPass2",
            "exit"
        ]
    ],
    "MlibObjs": {},
    "NameTable": {
        "majority_tb": [
            "majority_tb",
            "M8v38",
            "module",
            2
        ],
        "...MASTER...": [
            "SIM",
            "amcQw",
            "module",
            4
        ]
    },
    "PrevCompiledModules": {
        "...MASTER...": {
            "amcQw_d": {
                "bytes": 7502,
                "mod": "...MASTER...",
                "mode": 4,
                "checksum": 0,
                "out": "objs/amcQw_d.o"
            }
        },
        "majority_tb": {
            "M8v38_d": {
                "bytes": 33576,
                "mod": "majority_tb",
                "archive": "archive.127/_27746_archive_1.a",
                "out": "M8v38_d.o",
                "mode": 4,
                "checksum": 0
            }
        }
    },
    "cpu_cycles_pass2_start": 3454287325132948,
    "CurCompileUdps": {},
    "SIMBData": {
        "archive": "archive.127/_27746_archive_1.a",
        "out": "amcQwB.o",
        "bytes": 98524,
        "text": 0
    },
    "CompileStatus": "Successful",
    "incremental": "on",
    "LVLData": [
        "SIM"
    ],
    "PEModules": [],
    "rlimit": {
        "data": -1,
        "stack": -1
    }
}