{
    "CompUnits": {
        "M8v38_d": {
            "mod": "majority_tb",
            "archive": "archive.127/_27746_archive_1.a",
            "out": "M8v38_d.o",
            "bytes": 33732,
            "mode": 4,
            "text": 4469,
            "checksum": 0
        }
    },
    "Modules": {
        "...MASTER...": {
            "nQuads": 0,
            "start_perf": [
                0.40941381454467773,
                0.048245000000000003,
                0.053168,
                207108,
                220528,
                1615258568.2112999,
                3454287326249794
            ],
            "nMops": 0,
            "child_modules": {
                "majority_tb": 1
            },
            "end_perf": [
                0.45076298713684082,
                0.051325000000000003,
                0.060207999999999998,
                208668,
                220528,
                3454287471176042,
                0,
                0
            ],
            "nRouts": 5
        },
        "majority_tb": {
            "nQuads": 353,
            "start_perf": [
                0.45111584663391113,
                0.051478000000000003,
                0.060387999999999997,
                208668,
                220528,
                1615258568.2530019,
                3454287472323496
            ],
            "nMops": 661,
            "child_modules": {},
            "Compiled": "Yes",
            "end_perf": [
                0.51768898963928223,
                0.067890000000000006,
                0.070885000000000004,
                212880,
                220528,
                3454287705695412,
                8589934593,
                0
            ],
            "Compiled Times": 10,
            "significant_routs": [
                [
                    18,
                    "R_VCSgd_M8v38_12",
                    7919724,
                    319,
                    59
                ]
            ],
            "nRouts": 34
        }
    },
    "reusePaths": {
        "amcQw_d": {
            "icPath": "csrc"
        }
    },
    "stat": {
        "ru_childs_end": {
            "ru_maxrss_kb": 21688,
            "ru_utime_sec": 0.033632000000000002,
            "ru_nivcsw": 8,
            "ru_stime_sec": 0.037043,
            "ru_minflt": 6914,
            "ru_majflt": 0,
            "ru_nvcsw": 22
        },
        "ru_self_end": {
            "ru_maxrss_kb": 71128,
            "ru_utime_sec": 0.078131999999999993,
            "ru_nivcsw": 46,
            "ru_stime_sec": 0.075288999999999995,
            "ru_minflt": 24164,
            "ru_majflt": 0,
            "ru_nvcsw": 266
        },
        "cpu_cycles_end": 3454287973457912,
        "peak_mem_kb": 220528
    },
    "ObjArchives": [
        {
            "archive": "archive.127/_27746_archive_1.a",
            "objects": [
                [
                    "M8v38_d.o",
                    33732
                ],
                [
                    "amcQwB.o",
                    98524
                ]
            ],
            "size": 132256
        }
    ]
}